,Supplier_Lead_Time,Inventory_Levels,Order_Frequency,Delivery_Performance,Cost_Per_Unit
Supplier_Lead_Time,1.0,0.5178699412897224,-0.8892384938671329,-0.9110143661883073,0.963960042791256
Inventory_Levels,0.5178699412897224,1.0,-0.4796797033941407,-0.565743151504786,0.5854333035330146
Order_Frequency,-0.8892384938671329,-0.4796797033941407,1.0,0.8113570269453191,-0.8823208454295893
Delivery_Performance,-0.9110143661883073,-0.565743151504786,0.8113570269453191,1.0,-0.9196507366429204
Cost_Per_Unit,0.963960042791256,0.5854333035330146,-0.8823208454295893,-0.9196507366429204,1.0
